{
  "version": "1.0",
  "timestamp": "2026-02-16 00:46:34",
  "direction": "LONG",
  "group_weights": [
    0.17018045872373214,
    1.7534554952145556,
    2.2519734626130505,
    0.2449893494670682,
    1.4028094531503108,
    1.9785879394054777,
    2.0488290812315126,
    1.4519086031554136
  ],
  "full_weights": [
    0.17018045872373214,
    0.17018045872373214,
    1.7534554952145556,
    0.2449893494670682,
    0.2449893494670682,
    0.2449893494670682,
    2.2519734626130505,
    2.2519734626130505,
    2.2519734626130505,
    1.9785879394054777,
    1.9785879394054777,
    1.9785879394054777,
    1.9785879394054777,
    1.4519086031554136,
    1.4028094531503108,
    1.4028094531503108,
    0.17018045872373214,
    0.17018045872373214,
    1.7534554952145556,
    1.7534554952145556,
    2.2519734626130505,
    2.2519734626130505,
    1.9785879394054777,
    1.9785879394054777,
    1.4028094531503108,
    1.4519086031554136,
    2.0488290812315126,
    2.0488290812315126,
    2.0488290812315126,
    2.0488290812315126,
    2.0488290812315126,
    2.0488290812315126
  ],
  "fusion_threshold": 0.7832249552087951,
  "cosine_min_threshold": 0.6848446800968718,
  "euclidean_min_threshold": 0.7646617842136411,
  "dtw_min_threshold": 0.3124268572389083,
  "best_fitness": 4.064395129323511,
  "n_trials": 60,
  "elapsed_sec": 5543.051616191864,
  "holdout": {
    "sharpe": 0.789471244782726,
    "win_rate": 0.4666666666666667,
    "profit": 0.2788353457604531,
    "drawdown": 1.2633035072676546,
    "n_trades": 30,
    "profit_factor": 1.1122284856830618,
    "passed": true
  }
}