{
  "version": "1.0",
  "timestamp": "2026-02-15 12:41:01",
  "direction": "SHORT",
  "group_weights": [
    0.7597990277293292,
    2.847953493333558,
    2.034903846150416,
    0.16724353793997712,
    1.766545749707291,
    1.8727890609418645,
    1.502315412474905,
    2.1514408160152456
  ],
  "full_weights": [
    0.7597990277293292,
    0.7597990277293292,
    2.847953493333558,
    0.16724353793997712,
    0.16724353793997712,
    0.16724353793997712,
    2.034903846150416,
    2.034903846150416,
    2.034903846150416,
    1.8727890609418645,
    1.8727890609418645,
    1.8727890609418645,
    1.8727890609418645,
    2.1514408160152456,
    1.766545749707291,
    1.766545749707291,
    0.7597990277293292,
    0.7597990277293292,
    2.847953493333558,
    2.847953493333558,
    2.034903846150416,
    2.034903846150416,
    1.8727890609418645,
    1.8727890609418645,
    1.766545749707291,
    2.1514408160152456,
    1.502315412474905,
    1.502315412474905,
    1.502315412474905,
    1.502315412474905,
    1.502315412474905,
    1.502315412474905
  ],
  "fusion_threshold": 0.7893977335766542,
  "cosine_min_threshold": 0.6014814746580915,
  "best_fitness": 0.5750136483494762,
  "n_trials": 60,
  "elapsed_sec": 441.91625452041626,
  "holdout": {
    "sharpe": -0.12266249121180918,
    "win_rate": 0.4194312796208531,
    "profit": -0.6588624247403474,
    "drawdown": 4.084657449724416,
    "n_trades": 422,
    "profit_factor": 0.9793742105782307,
    "passed": false
  }
}