{
  "version": "1.0",
  "timestamp": "2026-02-15 12:11:28",
  "group_weights": [
    2.775756125803216,
    0.37041793258567335,
    2.786927344668957,
    0.36186923614009536,
    1.6006772032421452,
    1.403728347545006,
    1.351303214589626,
    1.4869724928600776
  ],
  "full_weights": [
    2.775756125803216,
    2.775756125803216,
    0.37041793258567335,
    0.36186923614009536,
    0.36186923614009536,
    0.36186923614009536,
    2.786927344668957,
    2.786927344668957,
    2.786927344668957,
    1.403728347545006,
    1.403728347545006,
    1.403728347545006,
    1.403728347545006,
    1.4869724928600776,
    1.6006772032421452,
    1.6006772032421452,
    2.775756125803216,
    2.775756125803216,
    0.37041793258567335,
    0.37041793258567335,
    2.786927344668957,
    2.786927344668957,
    1.403728347545006,
    1.403728347545006,
    1.6006772032421452,
    1.4869724928600776,
    1.351303214589626,
    1.351303214589626,
    1.351303214589626,
    1.351303214589626,
    1.351303214589626,
    1.351303214589626
  ],
  "fusion_threshold": 0.8241515348594975,
  "cosine_min_threshold": 0.5232526042219804,
  "best_fitness": 3.673066127106553,
  "n_trials": 60,
  "elapsed_sec": 814.140632390976,
  "holdout": {
    "sharpe": -1.1200752124535778,
    "win_rate": 0.40425531914893614,
    "profit": -1.5904871176194435,
    "drawdown": 5.295712376648964,
    "n_trades": 47,
    "profit_factor": 0.8489217427719521,
    "passed": 